,BRAF,CDK2,EGFR,ErbB2,KDR,LCK,MET,p110a,p38a
BRAF,0.0,17.156338686753887,19.515299484883034,21.382787595771614,21.089164552869708,21.582681844181142,20.297483020671486,37.61086252438264,21.73142143717456
CDK2,17.156338686753887,0.0,17.24963979192543,21.106349112675172,19.854817232218085,17.972924805354655,18.304287545534248,36.78007102947219,19.480656386198007
EGFR,19.515299484883034,17.24963979192543,0.0,16.583183622628493,17.733763020243824,16.467224894268252,17.498394567945827,36.99403082168419,22.249404403006103
ErbB2,21.382787595771614,21.106349112675172,16.583183622628493,0.0,23.850591780152264,23.88097026329463,22.563235671308735,41.277474125565234,24.68170843658602
KDR,21.089164552869708,19.854817232218085,17.733763020243824,23.850591780152264,0.0,19.25489849284598,20.430532117581084,41.104454960305326,20.26254051064599
LCK,21.582681844181142,17.972924805354655,16.467224894268252,23.88097026329463,19.25489849284598,0.0,19.221161302580736,38.94659957611521,22.45669271712331
MET,20.297483020671486,18.304287545534248,17.498394567945827,22.563235671308735,20.430532117581084,19.221161302580736,0.0,39.24588828064807,21.982654782895654
p110a,37.61086252438263,36.78007102947219,36.99403082168419,41.277474125565234,41.104454960305326,38.94659957611521,39.24588828064807,0.0,38.130494837422766
p38a,21.73142143717456,19.480656386198007,22.249404403006103,24.68170843658602,20.26254051064599,22.45669271712331,21.982654782895654,38.130494837422766,0.0
